"url","Replace image","Replace image_alt","Media link","Media link_link","Mediatag link","Mediatag link_link","Blockoverlay link","Blockoverlay link_link"
"http://www.bbc.com","http://ichef.bbci.co.uk/wwhp/999/ibroadcast/images/live/p0/45/sq/p045sqch.jpg","How Americans responded to Nigel Farage","How Americans responded to Nigel Farage","http://www.bbc.co.uk/news/world-us-canada-37182076","US","http://www.bbc.co.uk/news/world/us_and_canada","How Americans responded to Nigel Farage","http://www.bbc.co.uk/news/world-us-canada-37182076"
"http://www.bbc.com","http://ichef.bbci.co.uk/wwhp/999/ibroadcast/images/live/p0/45/rq/p045rqdj.jpg","Trump and Clinton supporters: Different views on America's past","How do Trump and Clinton voters differ?","http://www.bbc.com/news/world-us-canada-37161449","US","http://www.bbc.com/news/world/us_and_canada","How do Trump and Clinton voters differ?","http://www.bbc.com/news/world-us-canada-37161449"
"http://www.bbc.com","http://ichef.bbci.co.uk/wwhp/999/cpsprodpb/10F91/production/_90912596_sbna_airlanderbadlanding3.jpg","Airlander 10","Witness describes 'horrible' Airlander...","http://www.bbc.com/news/uk-37181004","UK","http://www.bbc.com/news/uk","Witness describes 'horrible' Airlander nosedive","http://www.bbc.com/news/uk-37181004"
"http://www.bbc.com","http://ichef.bbci.co.uk/wwhp/999/cpsprodpb/C581/production/_90916505_p045syp6.jpg","Ten-year-old pulled from rubble","Children pulled from rubble alive","http://www.bbc.com/news/uk-37182779","UK","http://www.bbc.com/news/uk","Children pulled from rubble alive","http://www.bbc.com/news/uk-37182779"
"http://www.bbc.com","http://ichef.bbci.co.uk/wwhp/999/cpsprodpb/13D4C/production/_90882218_p045kp34.jpg","Lupe and Maria","Mexican mother, US daughter: Did immigration...","http://www.bbc.com/news/election-us-2016-37127135","US Election 2016","http://www.bbc.com/news/election/us2016","Mexican mother, US daughter: Did immigration pay off?","http://www.bbc.com/news/election-us-2016-37127135"
"http://www.bbc.com","http://ichef.bbci.co.uk/wwhp/999/cpsprodpb/123A5/production/_90916647_p045t5q6.jpg","Pescara del Tronto, Italy","Drone footage of destroyed Italian town","http://www.bbc.com/news/world-europe-37182784","Europe","http://www.bbc.com/news/world/europe","Drone footage of destroyed Italian town","http://www.bbc.com/news/world-europe-37182784"
"http://www.bbc.com","http://ichef.bbci.co.uk/wwhp/999/cpsprodpb/C581/production/_90916505_p045syp6.jpg","Ten-year-old pulled from rubble","Children pulled from rubble alive","http://www.bbc.com/news/uk-37182779","UK","http://www.bbc.com/news/uk","Children pulled from rubble alive","http://www.bbc.com/news/uk-37182779"
"http://www.bbc.com","http://ichef.bbci.co.uk/wwhp/999/cpsprodpb/415B/production/_90913761_mediaitem90913759.jpg","Patrick Hardison's face transformation in three stages","Face transplant patient's 'third face'","http://www.bbc.com/news/world-us-canada-37180501","US & Canada","http://www.bbc.com/news/world/us_and_canada","Face transplant patient's 'third face'","http://www.bbc.com/news/world-us-canada-37180501"
"http://www.bbc.com","http://ichef.bbci.co.uk/wwhp/999/cpsprodpb/10F91/production/_90912596_sbna_airlanderbadlanding3.jpg","Airlander 10","'Cabin hit ground and it was horrible'","http://www.bbc.com/news/uk-37181004","UK","http://www.bbc.com/news/uk","'Cabin hit ground and it was horrible'","http://www.bbc.com/news/uk-37181004"
"http://www.bbc.com","http://ichef.bbci.co.uk/wwhp/999/cpsprodpb/15B6A/production/_90883988_p045lx3m.jpg","Keyframe #1","'Mysterious' door appears on bridge","http://www.bbc.com/news/uk-england-berkshire-37158731","Berkshire","http://www.bbc.com/news/england/berkshire","'Mysterious' door appears on bridge","http://www.bbc.com/news/uk-england-berkshire-37158731"
